Workbook

Sheet Read Me
B2: GLM-5.2 GPU Sizing Worksheet
B5: Purpose: estimate the GPU memory and card count needed to serve GLM-5.2 (744B MoE) on the SEPARATE GPU inference plane
B6: that the CPU-only Supermicro blades call over the network (see companion architecture docs).
B8: HOW TO USE:
B9: 1. Edit ONLY the yellow-filled, blue-text cells on the 'Inputs' sheet.
B10: 2. The 'Sizing', 'Scenarios' and 'Throughput' sheets recalculate automatically.
B11: 3. Replace every [ASSUMPTION] with a vendor-confirmed value before procurement (GLM-5.2 arch details are provisional).
B13: COLOR LEGEND:
B14: Yellow fill + blue text = you edit these (inputs / assumptions).
B15: Black text = formulas — do not overwrite.
B16: Header (dark blue) = section titles.
B18: EVIDENCE TAGS: [DOC]=documented [EST]=estimate, validate by benchmark [ASSUMPTION]=assumed pending confirmation.
... B24: * All numbers here are provisional until GLM-5.2 layer geometry is confirmed against your pinned vLLM/SGLang build.

Sheet Inputs
B1: Parameter | C1: Value | D1: Unit | E1: Notes / evidence
B2: MODEL | E2: GLM-5.2 (Zhipu/Z.ai)
B3: Total parameters | C3: 744 | D3: billions | E3: [DOC] ~744B MoE
B4: Active parameters per token | C4: 40 | D4: billions | E4: [DOC] ~40B active (MoE)
B5: Number of transformer layers | C5: 92 | D5: count | E5: [ASSUMPTION] confirm from model config.json
B6: KV heads (GQA) | C6: 8 | D6: count | E6: [ASSUMPTION] confirm; GQA sharply reduces KV size
B7: Head dimension | C7: 128 | D7: count | E7: [ASSUMPTION] confirm from config
B8: PRECISION / QUANT | E8: pick a serving precision below on Scenarios
B9: Bytes per weight param (serving) | C9: 1 | D9: bytes | E9: [DOC] FP8=1.0, INT4/Q4=0.5, BF16=2.0
B10: Weight overhead factor | C10: 1.2 | D10: x | E10: [EST] embeddings/router/higher-precision layers; Q4 real ~460-480GB
B11: KV-cache bytes per element | C11: 2 | D11: bytes | E11: [EST] FP16 KV=2; KV-quant q8=1
B12: SERVING TARGET
B13: Context length (max_model_len) | C13: 32768 | D13: tokens | E13: [ASSUMPTION] set to your SLO; 1M ctx is separate
B14: Concurrent sequences (peak) | C14: 16 | D14: count | E14: [ASSUMPTION] target concurrency
B15: Runtime/activation overhead | C15: 30 | D15: GB | E15: [EST] engine + CUDA + activation buffers
B16: GPU HARDWARE
B17: VRAM per GPU | C17: 80 | D17: GB | E17: [ASSUMPTION] e.g. 80/94/141 GB class
B18: Usable VRAM fraction | C18: 0.9 | D18: fraction | E18: [EST] reserve ~10% for fragmentation
B19: Memory bandwidth per GPU | C19: 3350 | D19: GB/s | E19: [ASSUMPTION] e.g. HBM3-class ~3.35 TB/s
B20: GPU compute efficiency (decode) | C20: 0.2 | D20: fraction | E20: [EST] realized vs peak BW for decode

Sheet Sizing
B1: Computed quantity | C1: Value | D1: Unit | E1: Formula basis
B2: Weight memory | C2: =Inputs!$C$3*Inputs!$C$9*Inputs!$C$10 -> 892.8 | D2: GB | E2: params(B) x bytes/param x overhead
B3: KV-cache per token | C3: =2*Inputs!$C$5*Inputs!$C$6*Inputs!$C$7*Inputs!$C$11/1000000000 -> 0.000376832 | D3: GB/token | E3: 2 x layers x kv_heads x head_dim x bytes / 1e9
B4: KV-cache per sequence | C4: =C3*Inputs!$C$13 -> 12.348031 | D4: GB/seq | E4: per-token x context
B5: KV-cache total (peak concurrency) | C5: =C4*Inputs!$C$14 -> 197.5685 | D5: GB | E5: per-seq x concurrent sequences
B6: Runtime/activation overhead | C6: =Inputs!$C$15 -> 30 | D6: GB | E6: engine+CUDA+buffers
B7: TOTAL VRAM required | C7: =C2+C5+C6 -> 1120.3685 | D7: GB | E7: weights + KV total + overhead
B8: Usable VRAM per GPU | C8: =Inputs!$C$17*Inputs!$C$18 -> 72 | D8: GB | E8: VRAM x usable fraction
B9: GPUs required (memory-bound) | C9: =ROUNDUP(C7/C8,0) -> 16 | D9: GPUs | E9: ceil(total / usable per GPU)
B10: Recommended tensor-parallel size | C10: =IF(C9<=8,C9,8) -> 8 | D10: TP | E10: TP within one node (<=8); else multi-node
B11: Nodes required (8 GPU/node) | C11: =ROUNDUP(C9/8,0) -> 2 | D11: nodes | E11: ceil(GPUs / 8)
B13: Note: integer GPU/KV rows use ROUNDUP; recompute after changing any Input.

Sheet Scenarios
B1: Precision scenarios (weights only; add KV + overhead from Sizing sheet)
B2: Scenario | C2: Bytes/param | D2: Overhead x | E2: Weight GB | F2: GPUs @80GB*0.9 | G2: GPUs @141GB*0.9
B3: BF16 (full) | C3: 2 | D3: 1.05 | E3: =Inputs!$C$3*C3*D3 -> 1562.4 | F3: =ROUNDUP(E3/(80*0.9),0) -> 22 | G3: =ROUNDUP(E3/(141*0.9),0) -> 13
B4: FP8 | C4: 1 | D4: 1.2 | E4: =Inputs!$C$3*C4*D4 -> 892.8 | F4: =ROUNDUP(E4/(80*0.9),0) -> 13 | G4: =ROUNDUP(E4/(141*0.9),0) -> 8
B5: INT4 / Q4 | C5: 0.5 | D5: 1.28 | E5: =Inputs!$C$3*C5*D5 -> 476.16 | F5: =ROUNDUP(E5/(80*0.9),0) -> 7 | G5: =ROUNDUP(E5/(141*0.9),0) -> 4
B6: Dynamic 2-bit (quality loss) | C6: 0.28 | D6: 1.15 | E6: =Inputs!$C$3*C6*D6 -> 239.568 | F6: =ROUNDUP(E6/(80*0.9),0) -> 4 | G6: =ROUNDUP(E6/(141*0.9),0) -> 2
B8: Weight GB only; total VRAM must add KV-cache (Sizing C5) + overhead (Sizing C6).
B9: Q4 ~460-480GB and FP8 ~740-800GB reproduce published GLM-5.2 figures [DOC/EST].

Sheet Throughput
B1: Quantity | C1: Value | D1: Unit | E1: Basis / caveat
B2: Bytes read per token (MoE, active params) | C2: =Inputs!$C$4*Inputs!$C$9 -> 40 | D2: GB/token | E2: active params x bytes/param (MoE reads active experts)
B3: Aggregate effective bandwidth | C3: =Inputs!$C$19*Sizing!C9*Inputs!$C$20 -> 10720 | D3: GB/s | E3: BW/GPU x GPUs x realized-efficiency [EST]
B4: Decode throughput ceiling (all streams) | C4: =C3/C2 -> 268 | D4: tokens/s | E4: aggregate BW / bytes-per-token [EST]
B5: Per-stream decode throughput | C5: =C4/Inputs!$C$14 -> 16.75 | D5: tokens/s/stream | E5: aggregate / concurrency [EST]
B6: Inter-token latency (per stream) | C6: =1000/C5 -> 59.701493 | D6: ms/token | E6: 1000 / per-stream tok/s [EST]
B8: ESTIMATES ONLY. Real throughput depends on batching, attention over context, engine, and GPU. Benchmark in Phase 7.
